Review ID,Product Name,Review Content,Timestamp,Customer Email,Product Category,Order Value,Fulfillment Status,Shipping Country,Rating_missing,Rating,Order Value_missing,Fulfillment Status_missing,Shipping Country_missing
bdd640fb-0667-4ad1-9c80-317fa3b1799d,Cross-Group Web-Enabled Encoding,Pressure let kind degree list top somebody college be middle plan friend stand seem pull different current agency each little sure authority increase picture create recent manager.,04-03-2025 01:23,williamsdarlene@baker.org,Evening Gowns,292.3,Fulfilled,Germany,1,2.780821918,1,0,0
23b8c1e9-3924-46de-beb1-3b9046685257,Down-Sized Incremental Matrix,Challenge reach throughout team those sing despite sound receive let newspaper.,10-05-2025 16:21,ismall@may-turner.com,Prom Dresses,197.72,Unknown,Australia,0,1,0,1,0
bd9c66b3-ad3c-4d6d-9a3d-1fa7bc8960a9,Polarized Didactic Initiative,Lead soon property.,09-03-2025 11:07,shawn02@yahoo.com,Cocktail Dresses,485.1,Unknown,Germany,0,1,0,1,0
972a8469-1641-4f82-8b9d-2434e465e150,Centralized Composite Implementation,Other wear through partner rest.,18-05-2025 18:41,vmarshall@hotmail.com,Prom Dresses,338.67,Delayed,United States,1,2.780821918,0,0,0
17fc695a-07a0-4a6e-8822-e8f36c031199,Adaptive Human-Resource Firmware,Interview trade knowledge city technology late seem style everyone sing machine dream key require doctor from throw ball.,13-01-2025 14:38,michelle55@anderson-wood.net,Plus Size Dresses,491.52,Cancelled,Germany,0,3,0,0,0
9a1de644-815e-46d1-bb8f-aa1837f8a88b,Persevering Executive Interface,Discuss really relationship ask imagine my indeed.,17-04-2025 19:10,john14@wright-davis.com,Cocktail Dresses,472.66,Fulfilled,Canada,0,2,0,0,0
b74d0fb1-32e7-4629-8fad-c1a606cb0fb3,Total Upward-Trending Toolset,Strategy hope show watch affect thing offer local wall fear hope.,16-04-2025 06:42,kwright@yahoo.com,Prom Dresses,486.68,Delaye,United States,0,2,0,0,0
6b65a6a4-8b81-48f6-b38a-088ca65ed389,Realigned Stable Structure,Mrs same son today major event magazine home protect something right subject try wonder move trade option production base investment.,26-02-2025 09:11,kathrynjimenez@hotmail.com,Cocktail Dresses,483.14,Fulfilled,Canada,0,2,0,0,0
47378190-96da-4dac-b2ff-5d2a386ecbe0,Pre-Emptive Coherent Core,Consider employee force lawyer front they everything week instead strong like see appear weight difference attention whatever American all easy.,28-02-2025 05:53,fkoch@gmail.com,Plus Size Dresses,98.78,Cancelled,United Kingdom,1,2.780821918,0,0,0
c241330b-01a9-471f-9e8a-774bcf36d58b,Implemented Didactic Approach,Perform draw list boy.,31-01-2025 14:01,pwagner@aguilar.com,Cocktail Dresses,377.85,Delaye,United Kingdom,0,1,0,0,0
6c307511-b2b9-437a-a8df-6ec4ce4a2bbd,Reduced User-Facing Moratorium,Let eight hard paper white responsibility sing clearly find official up office traditional heart walk cup option.,19-05-2025 05:16,pharper@hotmail.com,Bridesmaid Dresses,322.79,Fufilled,Germany,1,2.780821918,0,0,0
371ecd7b-27cd-4130-8722-9389571aa876,Centralized Value-Added Functionalities,Drug recent feeling range south someone not American mouth product attention positive actually information majority item gun through least check computer miss.,18-05-2025 18:48,amanda16@gmail.com,Plus Size Dresses,223.34,Returned,Canada,1,2.780821918,0,0,0
1a2a73ed-562b-4f79-8374-59eef50bea63,Centralized Actuating Paradigm,Pattern try simple let stay or focus early various everything late seek now property.,16-05-2025 23:15,kathryn50@yahoo.com,,164.63,Returned,United Kingdom,0,5,0,0,0
5be6128e-18c2-4797-a142-ea7d17be3111,Polarized Motivating Moderator,Agreement surface consider deep something future they.,04-05-2025 19:53,michaelroberts@gordon-duran.com,Prom Dresses,50.76,Fufilled,United Kingdom,0,1,0,0,0
43b7a3a6-9a8d-4a03-980d-7b71d8f56413,Diverse Analyzing Migration,New might course drop.,03-02-2025 19:19,theresalong@grant-diaz.com,Prom Dresses,292.3,Delayed,United Kingdom,0,5,0,0,0
759cde66-bacf-43d0-8b1f-9163ce9ff57f,Configurable Contextually-Based Architecture,Major serve real position make society.,12-03-2025 04:40,cporter@taylor.info,Evening Gowns,383.88,Fulfilled,United States,0,4,0,0,0
ec1b8ca1-f91e-4d4c-9ff4-9b7889463e85,Right-Sized Asymmetric Service-Desk,Family identify during professional hard.,09-04-2025 18:58,catherinerobertson@yahoo.com,,213.9,Delaye,United States,0,1,0,0,0
4b0dbb41-8d52-48f1-942c-3fe860e7a113,Front-Line Impactful Capability,Most international second former reflect even edge building court build movie several continue describe machine right with modern executive beyond.,13-02-2025 13:02,phillipjensen@yahoo.com,Prom Dresses,348.91,Fufilled,Australia,0,1,0,0,0
e2acf72f-9e57-4f7a-a0ee-89aed453dd32,Re-Contextualized Dynamic Paradigm,Fast guess few remain call animal approach factor want point sell bill.,24-01-2025 13:35,terickson@yahoo.com,Prom Dresses,191.26,Unknown,Canada,0,1,0,1,0
3139d32c-93cd-49bf-9c94-1cf0dc98d2c1,Right-Sized 6Th-Generation Process-Improvement,Off light key continue anything wait local state husband available.,09-02-2025 00:38,mark16@parker.com,Cocktail Dresses,373.89,Fufilled,United Kingdom,0,2,0,0,0
a9488d99-0bbb-4599-91ce-5dd2b45ed1f0,Configurable Intangible Protocol,Rather charge specific we be easy newspaper indicate other peace simply herself training father open investment notice art whether between several personal enough ball dream necessary choose impact.,27-01-2025 23:12,tammy99@gmail.com,Plus Size Dresses,189.18,Delayed,Canada,0,2,0,0,0
fc377a4c-4a15-444d-85e7-ce8a3a578a8e,Reduced Non-Volatile Model,Like allow explain executive.,15-02-2025 23:16,ojackson@harvey.com,Bridesmaid Dresses,231.08,Fulfilled,Australia,0,5,0,0,0
ddd1dfb2-3b98-4ef8-9af6-1a26146d3f31,Intuitive Empowering Database,Author do enough social operation sound cup.,06-04-2025 22:18,leescott@hernandez-vaughn.biz,Prom Dresses,107.28,Fufilled,Germany,0,5,0,0,0
7412b293-4729-4739-a14f-f3d719db3ad0,Synchronized Transitional Functionalities,Name positive training step author coach film see notice eye buy read record wall.,06-01-2025 02:29,thorntonapril@hotmail.com,Prom Dresses,473.16,Unknown,Australia,0,1,0,1,0
29a3b2e9-5d65-4441-9588-42dea2bc372f,Front-Line Empowering Infrastructure,Music just our threat same page ago director purpose team onto again share start office several.,12-03-2025 01:53,ufox@gmail.com,Cocktail Dresses,456.26,Cancelled,United Kingdom,0,5,0,0,0
ab9099a4-35a2-40ae-9af3-05535ec42e08,De-Engineered Static Project,Like prepare trouble consider one play man before girl four prove tax form.,18-04-2025 13:55,amy49@yahoo.com,Prom Dresses,185.43,Unknown,Germany,0,2,0,1,0
aefcfad8-efc8-4849-b3aa-7efe4458a885,Innovative Logistical Functionalities,Explain war spend.,22-04-2025 03:00,joshuaevans@wise-bush.info,Plus Size Dresses,50.18,Fufilled,Germany,1,2.780821918,0,0,0
a28defe3-9bf0-4273-9247-6f57a5e5a5ab,Versatile Asynchronous Access,Already because education break significant ten stay ability thank left approach million performance material.,13-03-2025 15:15,ybailey@hotmail.com,Bridesmaid Dresses,243.45,Delaye,Australia,1,2.780821918,0,0,0
3eabedcb-baa8-4dd4-88bd-64072bcfbe01,Persevering Regional Open System,Service data near until just recognize building win participant.,01-04-2025 18:16,david86@yahoo.com,,344.62,Unknown,United Kingdom,1,2.780821918,0,1,0
451b4cf3-6123-4df7-b656-af7229d4beef,Cross-Platform Asynchronous Monitoring,Report financial add impact different.,18-04-2025 02:51,kellyroberts@hotmail.com,Plus Size Dresses,248.97,Fulfilled,Germany,0,5,0,0,0
b02b61c4-a3d7-4628-ace6-6fa2fd5166e6,Extended Motivating Firmware,Left brother strategy marriage respond meeting event strong.,26-01-2025 04:46,sandra47@harris.com,Evening Gowns,262.93,Unknown,Australia,0,4,0,1,0
5304317f-af42-412f-b838-b3268e944239,De-Engineered Grid-Enabled Architecture,During necessary himself two meet these tell everybody so increase various meet star executive fear only your majority chance Mrs generation necessary.,29-04-2025 19:53,danielyang@gmail.com,Plus Size Dresses,408.21,Delaye,Australia,0,2,0,0,0
0e51f30d-c6a7-4e39-84b0-32ccd7c524a5,Fully-Configurable Holistic Forecast,Help usually thank wonder draw him task improve fish.,17-01-2025 17:47,santiagoamanda@hall.info,Prom Dresses,88.16,Unknown,United Kingdom,0,4,0,1,0
ce177b4e-0837-48a3-9261-a7ab3aa2e4f9,Diverse Leading-Edge Moratorium,Relate specific history professional star wonder manager already maybe.,13-01-2025 18:24,adampierce@russell.info,Bridesmaid Dresses,334.82,Fulfilled,Australia,0,5,0,0,0
10f1bc81-448a-4a9e-a6b2-bc5b50c187fc,Triple-Buffered Exuding Pricing-Structure,Forward beyond suddenly between treat address century that wide avoid sit enter perhaps however bag forget purpose move west phone thought maintain must pay doctor.,02-03-2025 01:23,manuel01@andrews.com,Plus Size Dresses,418.29,Cancelled,Australia,0,3,0,0,0
9132b63e-f162-47e4-a9c3-49e03602f8ac,Streamlined Multi-Tasking Access,Young section its better plant their kitchen really tough animal someone fall.,19-03-2025 07:33,lkhan@osborn.info,Prom Dresses,352.76,Delaye,Australia,0,1,0,0,0
366eb16f-508e-4ad7-b7c9-3acfe059a0ee,Synchronized Neutral Framework,Issue each include radio conference company.,20-05-2025 05:09,nancy04@morrison.info,Prom Dresses,139.61,Returned,Canada,0,2,0,0,0
e27a984d-6548-41d0-bfcd-9eb1a7cad415,Switchable Bi-Directional Challenge,That people drive tree central leave effect effort act source top quality citizen kid generation onto.,20-05-2025 14:10,melissamcdonald@gmail.com,Bridesmaid Dresses,292.3,Fufilled,United States,1,2.780821918,1,0,0
24933b83-7577-40a9-a491-f0b2ea1fca65,Fundamental Bifurcated Benchmark,Real lead few yourself table blood high grow fast recognize against.,03-04-2025 22:44,francisco74@lopez.org,Plus Size Dresses,263.81,Cancelled,Canada,0,4,0,0,0
beb79919-3f22-4af8-a3be-d01d43cf2fde,User-Friendly Neutral Collaboration,Ever not rate seat any.,13-04-2025 01:55,cherylfowler@wilcox-robertson.com,Plus Size Dresses,82.77,Fulfilled,Australia,0,3,0,0,0
956269f0-e5d7-4875-adad-d6c795a76d79,Expanded Transitional Graphical User Interface,Seat strategy total simply discover soon.,21-03-2025 12:05,greenjoe@finley-turner.org,Prom Dresses,363.36,Fufilled,Germany,0,2,0,0,0
ff50bde4-3825-47b8-9cab-cc97663f1c97,Expanded Systemic Productivity,Pm per question return process stuff pick tough position final kid often run bed far section compare.,22-04-2025 15:13,desiree30@wilson.net,Cocktail Dresses,159.79,Cancelled,Canada,0,2,0,0,0
7e570ddf-8270-40a8-a369-b584ff5e9ff0,Fundamental Motivating Matrix,Skill theory hand maybe evening.,15-01-2025 07:42,fowlershelia@yahoo.com,Plus Size Dresses,52.5,Fulfilled,Canada,0,3,0,0,0
dc713d96-0c0f-4195-817a-f08a1745d6d8,Function-Based Actuating Array,Either station loss southern second full boy while cell whom team right woman whose source hand.,25-01-2025 08:03,susanmendoza@adkins-obrien.biz,,396.52,Unknown,Canada,0,1,0,1,0
28f49481-a0a0-4dc4-a720-9bdf1c11f735,Sharable Interactive Focus Group,Add Mr lawyer pull public once state wait board doctor agent this no trip determine as statement travel few impact.,03-03-2025 13:27,kathleenbecker@hotmail.com,Plus Size Dresses,241.32,Returned,United Kingdom,0,1,0,0,0
98ae4334-6c12-4ce8-ae34-0454cac5b68c,Balanced 24-Hour Groupware,Animal also you break doctor Mr home he we recent music onto.,05-05-2025 17:30,xrice@stark.com,Evening Gowns,481.08,Unknown,Australia,0,4,0,1,0
988c24c9-61b1-4d22-a280-1c4510435a10,Visionary Clear-Thinking Productivity,Those pressure street past voice evidence real describe know door guy wonder happen top population.,15-01-2025 09:38,franklinbond@wilson-harris.org,Prom Dresses,72.6,Returned,Germany,0,1,0,0,0
405cacec-8774-49a9-b7d2-1e02ff01cf99,Fundamental Cohesive Support,Huge couple business summer lawyer production.,29-03-2025 09:01,nolansean@gmail.com,Cocktail Dresses,431.75,Fulfilled,Germany,0,3,0,0,0
f143262f-dc5c-4eed-8da0-365bf89897b9,Organic Neutral Strategy,Wife anything four writer skin day stop never only spend do similar small other everyone worker would music sometimes body.,01-04-2025 10:56,williambryant@gmail.com,Plus Size Dresses,410.64,Returned,Germany,0,3,0,0,0
1d53434b-b881-49b9-ae27-0da702f06b90,Optimized Next-Generation Access,Capital group small open administration enter camera inside.,13-05-2025 01:32,jennifer64@gmail.com,Evening Gowns,494.55,Cancelled,Australia,0,5,0,0,0
c0398710-8976-4334-a281-7efdae849217,Customizable Asynchronous Solution,Second live sing message board mean war analysis situation term miss leader who article.,11-04-2025 11:04,williamsmelvin@weaver.com,Evening Gowns,477.52,Fufilled,United States,0,3,0,0,0
5715bd6f-a416-4293-84c2-e2e3444ea7c8,Distributed Needs-Based Alliance,Suggest international blue Republican kitchen tonight focus chance call person one Republican.,08-03-2025 21:33,mitchellhector@gmail.com,Prom Dresses,325.69,Unknown,Canada,0,1,0,1,0
287d06ca-6f4c-469a-8b22-d3081c8eaee9,Multi-Layered Optimal Neural-Net,Yes most law painting between reduce table prepare shoulder result Democrat later direction fund.,25-01-2025 22:04,victoria67@yahoo.com,Bridesmaid Dresses,277.15,Returned,Australia,1,2.780821918,0,0,0
f8cda88b-436d-46e2-b83c-fe0be037e5ed,Balanced Fault-Tolerant Hierarchy,Human role fine fine effort well rather listen before be it.,05-05-2025 05:39,david86@anderson.com,Bridesmaid Dresses,384.64,Delayed,Australia,0,5,0,0,0
a013ac6e-deda-4e16-9b3d-bd5ce9a1fa6f,Synergized Dynamic Secured Line,Speech news only no.,05-02-2025 08:00,johnreed@yahoo.com,Cocktail Dresses,336.95,Delayed,Australia,0,4,0,0,0
81f631d4-a392-41a7-9777-a4774c66e0a8,Customer-Focused Heuristic Time-Frame,Prove improve them wait.,26-01-2025 01:20,johnsondonna@miranda.com,Evening Gowns,284.58,Fufilled,United States,0,1,0,0,0
5fb8d16c-2720-497d-b2eb-d6899be578c7,Realigned Incremental Process-Improvement,Test return why outside goal.,26-03-2025 00:08,wheelersean@warner.biz,Prom Dresses,173.57,Delaye,Germany,0,5,0,0,0
f4188f3f-8a14-4e62-a95b-4715c333e861,User-Friendly Coherent Encoding,Medical choice lot suggest glass news boy everything difficult investment night should perform push.,08-04-2025 15:30,amberwebster@gmail.com,Prom Dresses,178.58,Fufilled,Canada,0,3,0,0,0
eb2263dd-87c5-421e-ac24-a3c5c754108f,Diverse Context-Sensitive Installation,Ago upon stop environment Congress reflect finally fund accept thank not.,11-01-2025 18:14,jim95@harper.com,Bridesmaid Dresses,193.87,Cancelled,Australia,1,2.780821918,0,0,0
7d154385-52fb-443b-9954-6eb400257ad1,Assimilated Context-Sensitive Support,Attorney scientist will begin most heavy law church find food walk other third choose senior anyone bank kitchen interest.,25-01-2025 02:37,roberthill@fry.biz,Evening Gowns,112.27,Delaye,United States,0,5,0,0,0
5cec4eb5-edd9-4831-9ca3-5cfb04fc6d82,Managed Zero-Tolerance Installation,Kind event sense box involve exist question main project animal house out account feeling deep case eight foreign account section compare herself region matter.,11-04-2025 14:31,comptonshelly@hotmail.com,Prom Dresses,362.28,Unknown,United States,0,3,0,1,0
ce88cb2d-d4e8-4839-bc3e-058be0f3eab0,Synchronized User-Facing Workforce,Author technology amount affect TV television office of remember.,30-01-2025 17:06,heather62@yahoo.com,Bridesmaid Dresses,78.9,Delaye,Germany,0,5,0,0,0
14296c07-f26b-4776-913e-4de2e0c53cb8,Total Bi-Directional Implementation,Face if whom commercial way least ready gun join black job hundred bad that second.,01-02-2025 23:21,lindamelendez@hotmail.com,Bridesmaid Dresses,143.08,Returned,Canada,1,2.780821918,0,0,0
d0e6e660-7c69-4ee1-bb5e-4bcf15ed6269,Automated Methodical Definition,Four collection member box member town glass road standard spring door chair culture own.,01-02-2025 10:49,igrant@yahoo.com,Evening Gowns,457.18,Returned,United Kingdom,0,1,0,0,0
885f6e66-c2b6-42c5-ba5d-310011b7e948,Exclusive Logistical Hardware,Concern significant.,04-03-2025 15:42,james17@davis-hardy.com,Plus Size Dresses,362.99,Returned,United States,0,1,0,0,0
a8e56e0c-20de-435d-a031-d750c40db9b4,Integrated Discrete Definition,Less nor often race think poor worry.,18-05-2025 17:43,nicholas99@russo.org,Prom Dresses,394.52,Unknown,United States,1,2.780821918,0,1,0
9b49bd26-df57-459a-8715-a10343dac043,Open-Architected Full-Range Focus Group,Ten physical character attention kind field.,09-03-2025 04:35,srocha@padilla.com,Prom Dresses,389.06,Delaye,Australia,0,3,0,0,0
edcd465e-3638-4821-b6e0-7cc06c52c49f,Cloned Zero Administration Focus Group,Option goal avoid left also hard expert popular.,11-04-2025 18:14,powens@yahoo.com,Cocktail Dresses,479.04,Cancelled,United Kingdom,0,1,0,0,0
b09b2a5c-badc-432a-8159-0f538a0f4efb,Monitored Secondary Migration,Past medical leg never.,25-02-2025 03:45,michael77@gmail.com,Cocktail Dresses,386.38,Cancelled,United Kingdom,0,2,0,0,0
66245bfa-4fcc-439a-b683-d2e6337ea2df,Open-Architected Systematic Monitoring,Last special prepare focus little character artist.,16-01-2025 07:30,robin55@yahoo.com,Prom Dresses,321.46,Unknown,United Kingdom,0,1,0,1,0
5f987c71-a65e-488e-abf3-ad39fec21bbe,Managed 4Th-Generation Budgetary-Management,Specific study word.,18-02-2025 15:54,joycesmith@donovan.com,Prom Dresses,148.74,Delayed,Australia,0,4,0,0,0
7394988f-847f-49b4-a64d-1bcb702753a1,Fundamental Context-Sensitive Paradigm,Mean common easy just keep mission city health executive impact full our smile positive.,08-02-2025 02:49,jerry93@pierce-harding.com,Cocktail Dresses,63.06,Unknown,Canada,0,3,0,1,0
8dcdcd03-969b-4662-8562-8059568cc69b,Right-Sized Intermediate Hardware,Form newspaper hit edge surface who owner character bank professional true financial prevent.,17-04-2025 23:06,yjackson@yahoo.com,Cocktail Dresses,124.27,Cancelled,Australia,1,2.780821918,0,0,0
01d74256-3860-4ab6-96a4-02f23ae8cc93,Upgradable Zero-Tolerance Functionalities,Can remember be next poor.,23-02-2025 07:02,jenniferfreeman@mooney.com,Bridesmaid Dresses,107.43,Returned,United Kingdom,0,3,0,0,0
0f1259e0-a18f-46b6-b535-106e122c9a56,Optional Real-Time Migration,Spend prove stock school rate money position interest gun guy.,25-01-2025 07:20,gutierrezmegan@jones.com,Bridesmaid Dresses,62.13,Delayed,United States,0,2,0,0,0
080aadfb-e7c9-4b26-9141-25c63a9bedd4,Customizable Human-Resource Orchestration,Week game she court yourself choice fast small medical music school money product then.,02-05-2025 08:48,nbrooks@estrada.info,Cocktail Dresses,303.98,Unknown,United States,0,3,0,1,0
839fbc50-1223-4513-9496-f63cdc1110c1,Ergonomic Eco-Centric Analyzer,Capital heavy class story side speak close join improve put down know expect security large move finally speak light strong.,28-02-2025 19:15,patelrobert@moreno.net,Evening Gowns,292.3,Returned,United Kingdom,0,3,1,0,0
7c441fe7-ab42-40a7-874a-493b3ceddf2d,Triple-Buffered Intermediate Ability,Question now key show sing me industry class.,30-04-2025 07:26,shawheidi@yahoo.com,Bridesmaid Dresses,111.06,Delaye,United Kingdom,0,2,0,0,0
b92da22b-21df-406f-8a0b-3c3336d8393a,Programmable National Software,Soon catch economic political them never bill suffer surface expect several evening.,14-04-2025 14:11,hullalice@lee.com,Prom Dresses,72.63,Delaye,United States,1,2.780821918,0,0,0
93829b43-922f-415a-a1e3-db63ef7ddc76,Up-Sized User-Facing Support,Challenge join watch develop later glass ago apply maybe dog yes heart agreement us stuff practice social case expert stop receive.,19-01-2025 03:24,laura15@yahoo.com,Cocktail Dresses,145.25,Fufilled,Germany,0,3,0,0,0
7914c120-c8dc-419f-be35-11287900f7f9,Synchronized Dedicated Hierarchy,Serve light past town affect democratic change vote participant institution simply down business draw police.,08-04-2025 14:09,veronicaperez@hotmail.com,Cocktail Dresses,392.55,Returned,United States,1,2.780821918,0,0,0
1825bc54-30be-445f-a835-14f2ceb81f9d,Optional Asymmetric Secured Line,Lead book toward others administration middle drop century investment pass drive indicate professor beat window attack moment medical write never hospital like player wonder effect.,05-05-2025 11:13,davisnicholas@alvarez.com,Plus Size Dresses,388.4,Cancelled,Canada,1,2.780821918,0,0,0
5ab33edf-6e59-4ed3-a8b3-17fa18d0752b,Managed Regional Functionalities,Ground attack drop price billion old series.,02-02-2025 17:54,vnewman@hotmail.com,Bridesmaid Dresses,163.52,Fulfilled,Canada,1,2.780821918,0,0,0
dd2467ac-778e-4db3-a93d-ffbc6c6fa611,Switchable Bottom-Line Success,And national spend.,25-04-2025 22:01,hallrachel@clay.com,Prom Dresses,58.72,Returned,Germany,0,1,0,0,0
a748dbcf-ac61-4e63-8dde-29a6baa4b71a,Innovative Motivating Function,Store range wonder long consider care respond want already cut social though firm financial huge spring.,23-04-2025 18:00,whitemelissa@gmail.com,Cocktail Dresses,499.96,Unknown,Australia,0,5,0,1,0
ccf3a171-56dc-4907-ba6c-34ab6712303a,Open-Architected Tangible Frame,Education send course ground.,03-02-2025 05:51,irhodes@reyes-singh.com,,343.29,Delayed,Canada,0,2,0,0,0
310c0c00-3fa7-4104-9bf9-0e27dc96925e,Reactive Clear-Thinking Core,Tend forward buy happy threat sea thus hit wind many marriage under.,08-05-2025 21:55,davisjesse@gmail.com,Cocktail Dresses,477.33,Returned,United States,0,5,0,0,0
23e2fcb4-72d8-467d-894a-05e430b187ef,Operative Static Implementation,Entire bar interesting issue yet Congress family bill foreign fast knowledge response coach know language risk treatment past itself police social arm provide.,02-05-2025 06:17,unovak@gmail.com,Cocktail Dresses,59.17,Delayed,Germany,1,2.780821918,0,0,0
766ecb15-474e-4c19-aef9-12766c006f61,Synergistic Value-Added Conglomeration,Guy song quickly well central parent sit alone attack sing hand him note painting quickly we head several off morning huge.,20-05-2025 22:23,whenry@hotmail.com,,106.8,Cancelled,United Kingdom,0,2,0,0,0
db20a56e-dc81-4fe7-8eda-8bbb71710434,Open-Architected Neutral Ability,Economic box save material.,07-03-2025 13:25,bartonkenneth@gmail.com,Plus Size Dresses,364.76,Cancelled,Germany,0,4,0,0,0
a6f2f7b8-0cf3-4b58-9910-8be58ce21ea3,Innovative Executive Database,Trial brother simple region Democrat partner really your customer career.,20-04-2025 10:39,adamsnorman@moore.com,Cocktail Dresses,125.51,Cancelled,Germany,0,4,0,0,0
03c72ba8-d605-4770-8a63-f881ffd0f9d5,Optional Zero-Tolerance Paradigm,Later together knowledge because radio suffer.,08-01-2025 23:58,sean41@miller.info,Cocktail Dresses,386.57,Cancelled,Canada,0,3,0,0,0
